starlink_gateway,latitude_deg,longitude_deg,portfolio,nearest_argus_km
"Aerzen, Germany",52.0489,9.2683,Argus uniform baseline,1807.621277240214
"Aerzen, Germany",52.0489,9.2683,Argus WorldPop baseline,586.4913988119386
"Aerzen, Germany",52.0489,9.2683,Argus uniform geopolitical,1807.621277240214
"Aerzen, Germany",52.0489,9.2683,Argus WorldPop geopolitical,586.4913988119386
"Akita, Japan",39.72,140.1024,Argus uniform baseline,4377.585162310219
"Akita, Japan",39.72,140.1024,Argus WorldPop baseline,1385.7308093044198
"Akita, Japan",39.72,140.1024,Argus uniform geopolitical,4689.3700152218225
"Akita, Japan",39.72,140.1024,Argus WorldPop geopolitical,351.50866766665484
"Akron, OH",41.0575,-81.5199,Argus uniform baseline,1000.0596139264318
"Akron, OH",41.0575,-81.5199,Argus WorldPop baseline,6467.299596163452
"Akron, OH",41.0575,-81.5199,Argus uniform geopolitical,1639.4883751920324
"Akron, OH",41.0575,-81.5199,Argus WorldPop geopolitical,558.0483468267327
"Alfouvar de Cima, Portugal",40.5167,-8.25,Argus uniform baseline,495.1235525987807
"Alfouvar de Cima, Portugal",40.5167,-8.25,Argus WorldPop baseline,624.2689633573527
"Alfouvar de Cima, Portugal",40.5167,-8.25,Argus uniform geopolitical,495.1235525987807
"Alfouvar de Cima, Portugal",40.5167,-8.25,Argus WorldPop geopolitical,624.2689633573527
"Anchorage, AK",61.2181,-149.9003,Argus uniform baseline,1673.6242266597944
"Anchorage, AK",61.2181,-149.9003,Argus WorldPop baseline,6519.2643110337285
"Anchorage, AK",61.2181,-149.9003,Argus uniform geopolitical,1673.6242266597944
"Anchorage, AK",61.2181,-149.9003,Argus WorldPop geopolitical,2791.204168215742
"Angeles, Philippines",15.145,120.5887,Argus uniform baseline,3991.0454722683025
"Angeles, Philippines",15.145,120.5887,Argus WorldPop baseline,1930.379429537807
"Angeles, Philippines",15.145,120.5887,Argus uniform geopolitical,3991.0454722683025
"Angeles, Philippines",15.145,120.5887,Argus WorldPop geopolitical,377.5529703431552
"Ashburn, VA",39.0157,-77.4649,Argus uniform baseline,587.027060885951
"Ashburn, VA",39.0157,-77.4649,Argus WorldPop baseline,6305.480382743582
"Ashburn, VA",39.0157,-77.4649,Argus uniform geopolitical,1897.8201399496068
"Ashburn, VA",39.0157,-77.4649,Argus WorldPop geopolitical,567.4658557726566
"Awarua, NZ",-46.5294,168.3781,Argus uniform baseline,1309.715854995248
"Awarua, NZ",-46.5294,168.3781,Argus WorldPop baseline,9625.81315442957
"Awarua, NZ",-46.5294,168.3781,Argus uniform geopolitical,1309.715854995248
"Awarua, NZ",-46.5294,168.3781,Argus WorldPop geopolitical,8248.267159761772
"Ballinspittle, Ireland",51.6508,-8.5808,Argus uniform baseline,887.940570725158
"Ballinspittle, Ireland",51.6508,-8.5808,Argus WorldPop baseline,987.8776310230152
"Ballinspittle, Ireland",51.6508,-8.5808,Argus uniform geopolitical,887.940570725158
"Ballinspittle, Ireland",51.6508,-8.5808,Argus WorldPop geopolitical,987.8776310230152
"Bandon, OR",43.2476,-124.3828,Argus uniform baseline,1009.9405119631788
"Bandon, OR",43.2476,-124.3828,Argus WorldPop baseline,8682.149082936385
"Bandon, OR",43.2476,-124.3828,Argus uniform geopolitical,1009.9405119631788
"Bandon, OR",43.2476,-124.3828,Argus WorldPop geopolitical,1096.5861541197253
"Banning, CA",33.9191,-116.8494,Argus uniform baseline,1616.9539505497667
"Banning, CA",33.9191,-116.8494,Argus WorldPop baseline,9177.207848679676
"Banning, CA",33.9191,-116.8494,Argus uniform geopolitical,1616.9539505497667
"Banning, CA",33.9191,-116.8494,Argus WorldPop geopolitical,1616.9539505497667
"Bastrop, TX",30.1579,-97.4069,Argus uniform baseline,2341.139874428596
"Bastrop, TX",30.1579,-97.4069,Argus WorldPop baseline,8338.955432704763
"Bastrop, TX",30.1579,-97.4069,Argus uniform geopolitical,2341.139874428596
"Bastrop, TX",30.1579,-97.4069,Argus WorldPop geopolitical,1101.8088980389223
"Baxley, GA",31.7791,-82.3485,Argus uniform baseline,1063.4704519463867
"Baxley, GA",31.7791,-82.3485,Argus WorldPop baseline,7044.848610049969
"Baxley, GA",31.7791,-82.3485,Argus uniform geopolitical,2506.841810764606
"Baxley, GA",31.7791,-82.3485,Argus WorldPop geopolitical,1467.4954932931234
"Beekmantown, NY",44.7629,-73.5754,Argus uniform baseline,983.428483559373
"Beekmantown, NY",44.7629,-73.5754,Argus WorldPop baseline,5702.004034303572
"Beekmantown, NY",44.7629,-73.5754,Argus uniform geopolitical,1328.5615720156516
"Beekmantown, NY",44.7629,-73.5754,Argus WorldPop geopolitical,210.5207391860387
"Bellingham, WA",48.7519,-122.4787,Argus uniform baseline,532.406819047588
"Bellingham, WA",48.7519,-122.4787,Argus WorldPop baseline,8090.008859442838
"Bellingham, WA",48.7519,-122.4787,Argus uniform geopolitical,532.406819047588
"Bellingham, WA",48.7519,-122.4787,Argus WorldPop geopolitical,777.8343651319127
"Big Ivy, TN",35.1599,-88.061,Argus uniform baseline,1453.8351730384734
"Big Ivy, TN",35.1599,-88.061,Argus WorldPop baseline,7328.140496458426
"Big Ivy, TN",35.1599,-88.061,Argus uniform geopolitical,1975.8597779034635
"Big Ivy, TN",35.1599,-88.061,Argus WorldPop geopolitical,882.0418331724449
"Bluffdale, UT",40.4798,-111.9042,Argus uniform baseline,836.2427197338704
"Bluffdale, UT",40.4798,-111.9042,Argus WorldPop baseline,8331.269978422932
"Bluffdale, UT",40.4798,-111.9042,Argus uniform geopolitical,836.2427197338704
"Bluffdale, UT",40.4798,-111.9042,Argus WorldPop geopolitical,836.2427197338704
"Boca Chica, TX",26.0621,-97.1668,Argus uniform baseline,2629.8526863159286
"Boca Chica, TX",26.0621,-97.1668,Argus WorldPop baseline,8606.818847905763
"Boca Chica, TX",26.0621,-97.1668,Argus uniform geopolitical,2760.9651591016072
"Boca Chica, TX",26.0621,-97.1668,Argus WorldPop geopolitical,684.5529650398731
"Boise, ID",43.5811,-116.29,Argus uniform baseline,593.1410233087164
"Boise, ID",43.5811,-116.29,Argus WorldPop baseline,8280.115507331442
"Boise, ID",43.5811,-116.29,Argus uniform geopolitical,593.1410233087164
"Boise, ID",43.5811,-116.29,Argus WorldPop geopolitical,593.1410233087164
"Boorowa, Australia",-34.4392,148.7142,Argus uniform baseline,1099.8921657610813
"Boorowa, Australia",-34.4392,148.7142,Argus WorldPop baseline,7698.758594845971
"Boorowa, Australia",-34.4392,148.7142,Argus uniform geopolitical,854.437956081801
"Boorowa, Australia",-34.4392,148.7142,Argus WorldPop geopolitical,6187.726911186349
"Brewster, WA",48.0962,-119.7806,Argus uniform baseline,578.2199178728591
"Brewster, WA",48.0962,-119.7806,Argus WorldPop baseline,8035.497882680775
"Brewster, WA",48.0962,-119.7806,Argus uniform geopolitical,578.2199178728591
"Brewster, WA",48.0962,-119.7806,Argus WorldPop geopolitical,578.2199178728591
"Bridgewater, CT",41.5454,-73.3544,Argus uniform baseline,627.6743591036574
"Bridgewater, CT",41.5454,-73.3544,Argus WorldPop baseline,5881.351625782761
"Bridgewater, CT",41.5454,-73.3544,Argus uniform geopolitical,1677.5490491249466
"Bridgewater, CT",41.5454,-73.3544,Argus WorldPop geopolitical,347.99046295003615
"Broadview, IL",41.8642,-87.8534,Argus uniform baseline,1283.785519414722
"Broadview, IL",41.8642,-87.8534,Argus WorldPop baseline,6819.079419193179
"Broadview, IL",41.8642,-87.8534,Argus uniform geopolitical,1283.785519414722
"Broadview, IL",41.8642,-87.8534,Argus WorldPop geopolitical,714.7387952431183
"Broken Hill, Australia",-31.9505,141.4681,Argus uniform baseline,1091.6438458546602
"Broken Hill, Australia",-31.9505,141.4681,Argus WorldPop baseline,7250.5622837528135
"Broken Hill, Australia",-31.9505,141.4681,Argus uniform geopolitical,138.58547188473733
"Broken Hill, Australia",-31.9505,141.4681,Argus WorldPop geopolitical,5647.638364835806
"Brooklyn Park, MN",45.144,-93.3858,Argus uniform baseline,786.1030915132973
"Brooklyn Park, MN",45.144,-93.3858,Argus WorldPop baseline,6918.1590907389655
"Brooklyn Park, MN",45.144,-93.3858,Argus uniform geopolitical,786.1030915132973
"Brooklyn Park, MN",45.144,-93.3858,Argus WorldPop geopolitical,610.6406105784554
"Bulla Bulling, Australia",-31.1,121.0167,Argus uniform baseline,1418.2745499136834
"Bulla Bulling, Australia",-31.1,121.0167,Argus WorldPop baseline,6714.909154737823
"Bulla Bulling, Australia",-31.1,121.0167,Argus uniform geopolitical,1418.2745499136834
"Bulla Bulling, Australia",-31.1,121.0167,Argus WorldPop geopolitical,4563.372808394997
"Burbank, CA",34.2001,-118.3438,Argus uniform baseline,1622.5159054599508
"Burbank, CA",34.2001,-118.3438,Argus WorldPop baseline,9230.719360387331
"Burbank, CA",34.2001,-118.3438,Argus uniform geopolitical,1622.5159054599508
"Burbank, CA",34.2001,-118.3438,Argus WorldPop geopolitical,1622.5159054599508
"Butte, MT",46.0038,-112.5348,Argus uniform baseline,225.64008486534158
"Butte, MT",46.0038,-112.5348,Argus WorldPop baseline,7885.397509604321
"Butte, MT",46.0038,-112.5348,Argus uniform geopolitical,225.64008486534158
"Butte, MT",46.0038,-112.5348,Argus WorldPop geopolitical,225.64008486534158
"Cabo San Lucas, Mexico",22.8905,-109.9167,Argus uniform baseline,2798.1599582412023
"Cabo San Lucas, Mexico",22.8905,-109.9167,Argus WorldPop baseline,9758.031927854345
"Cabo San Lucas, Mexico",22.8905,-109.9167,Argus uniform geopolitical,2798.1599582412023
"Cabo San Lucas, Mexico",22.8905,-109.9167,Argus WorldPop geopolitical,1475.0739860624594
"Cal-Nev-Ari, NV",35.2987,-114.8745,Argus uniform baseline,1432.0945974813858
"Cal-Nev-Ari, NV",35.2987,-114.8745,Argus WorldPop baseline,8946.94533964549
"Cal-Nev-Ari, NV",35.2987,-114.8745,Argus uniform geopolitical,1432.0945974813858
"Cal-Nev-Ari, NV",35.2987,-114.8745,Argus WorldPop geopolitical,1432.0945974813858
"Calais, ME",45.1714,-67.2476,Argus uniform baseline,1095.414310254808
"Calais, ME",45.1714,-67.2476,Argus WorldPop baseline,5254.80409254143
"Calais, ME",45.1714,-67.2476,Argus uniform geopolitical,1212.677547705293
"Calais, ME",45.1714,-67.2476,Argus WorldPop geopolitical,704.8896327716016
"Caldera, Chile",-27.0667,-70.8167,Argus uniform baseline,6444.176769550582
"Caldera, Chile",-27.0667,-70.8167,Argus WorldPop baseline,8044.232569556025
"Caldera, Chile",-27.0667,-70.8167,Argus uniform geopolitical,5467.55109887973
"Caldera, Chile",-27.0667,-70.8167,Argus WorldPop geopolitical,1916.582974648805
"Calrossie, Australia",-36.45,145.3,Argus uniform baseline,1013.2756344796369
"Calrossie, Australia",-36.45,145.3,Argus WorldPop baseline,7821.3480485362115
"Calrossie, Australia",-36.45,145.3,Argus uniform geopolitical,694.2252315939069
"Calrossie, Australia",-36.45,145.3,Argus WorldPop geopolitical,6246.543876351385
"Calverton, NY",40.9089,-72.7976,Argus uniform baseline,550.2377886085443
"Calverton, NY",40.9089,-72.7976,Argus WorldPop baseline,5859.53587107204
"Calverton, NY",40.9089,-72.7976,Argus uniform geopolitical,1735.610562931324
"Calverton, NY",40.9089,-72.7976,Argus WorldPop geopolitical,432.5495974758056
"Camaçari, Brazil",-12.6996,-38.3263,Argus uniform baseline,4638.757550267485
"Camaçari, Brazil",-12.6996,-38.3263,Argus WorldPop baseline,4328.5617881299195
"Camaçari, Brazil",-12.6996,-38.3263,Argus uniform geopolitical,2664.6078086121856
"Camaçari, Brazil",-12.6996,-38.3263,Argus WorldPop geopolitical,197.74330404152929
"Canyonleigh, Australia",-34.5333,150.2,Argus uniform baseline,1063.915822174487
"Canyonleigh, Australia",-34.5333,150.2,Argus WorldPop baseline,7753.736059461742
"Canyonleigh, Australia",-34.5333,150.2,Argus uniform geopolitical,988.7457195019323
"Canyonleigh, Australia",-34.5333,150.2,Argus WorldPop geopolitical,6264.67104024634
"Cass County, ND",46.93,-97.25,Argus uniform baseline,570.925743031867
"Cass County, ND",46.93,-97.25,Argus WorldPop baseline,7007.0938991127
"Cass County, ND",46.93,-97.25,Argus uniform geopolitical,570.925743031867
"Cass County, ND",46.93,-97.25,Argus WorldPop geopolitical,777.1265692756521
"Cataby, Australia",-30.75,115.5333,Argus uniform baseline,1505.6491196309505
"Cataby, Australia",-30.75,115.5333,Argus WorldPop baseline,6581.397297072552
"Cataby, Australia",-30.75,115.5333,Argus uniform geopolitical,1505.6491196309505
"Cataby, Australia",-30.75,115.5333,Argus WorldPop geopolitical,4383.032834122018
"Centennial, CO",39.5919,-104.8469,Argus uniform baseline,1096.033893213801
"Centennial, CO",39.5919,-104.8469,Argus WorldPop baseline,8019.229428358735
"Centennial, CO",39.5919,-104.8469,Argus uniform geopolitical,1096.033893213801
"Centennial, CO",39.5919,-104.8469,Argus WorldPop geopolitical,756.8770093534062
"Chalfont Grove, UK",51.6167,-0.5667,Argus uniform baseline,1200.007426647292
"Chalfont Grove, UK",51.6167,-0.5667,Argus WorldPop baseline,518.5576854930987
"Chalfont Grove, UK",51.6167,-0.5667,Argus uniform geopolitical,1200.007426647292
"Chalfont Grove, UK",51.6167,-0.5667,Argus WorldPop geopolitical,518.5576854930987
"Chantilly, VA",38.9102,-77.4727,Argus uniform baseline,581.2688832994368
"Chantilly, VA",38.9102,-77.4727,Argus WorldPop baseline,6310.487584262112
"Chantilly, VA",38.9102,-77.4727,Argus uniform geopolitical,1909.4532715869686
"Chantilly, VA",38.9102,-77.4727,Argus WorldPop geopolitical,579.085671132013
"Chapel Hill, NC",35.8958,-79.2267,Argus uniform baseline,650.487149505108
"Chapel Hill, NC",35.8958,-79.2267,Argus WorldPop baseline,6584.964415102828
"Chapel Hill, NC",35.8958,-79.2267,Argus uniform geopolitical,2226.747885228
"Chapel Hill, NC",35.8958,-79.2267,Argus WorldPop geopolitical,941.9777347455555
"Charcas, Mexico",23.1314,-101.1136,Argus uniform baseline,2928.5316761678982
"Charcas, Mexico",23.1314,-101.1136,Argus WorldPop baseline,9120.549503071366
"Charcas, Mexico",23.1314,-101.1136,Argus uniform geopolitical,2928.5316761678982
"Charcas, Mexico",23.1314,-101.1136,Argus WorldPop geopolitical,633.043895778184
"Charleston, SC",32.7765,-79.9311,Argus uniform baseline,810.8743727293839
"Charleston, SC",32.7765,-79.9311,Argus WorldPop baseline,6792.0095689558575
"Charleston, SC",32.7765,-79.9311,Argus uniform geopolitical,2499.597535210696
"Charleston, SC",32.7765,-79.9311,Argus WorldPop geopolitical,1293.7473997031746
"Chaska, MN",44.851,-93.598,Argus uniform baseline,814.329521009827
"Chaska, MN",44.851,-93.598,Argus WorldPop baseline,6952.246649976715
"Chaska, MN",44.851,-93.598,Argus uniform geopolitical,814.329521009827
"Chaska, MN",44.851,-93.598,Argus WorldPop geopolitical,574.2343984562351
"Chattanooga, TN",35.0317,-85.2975,Argus uniform baseline,1207.3849861632937
"Chattanooga, TN",35.0317,-85.2975,Argus WorldPop baseline,7121.674097291182
"Chattanooga, TN",35.0317,-85.2975,Argus uniform geopolitical,2069.652264893013
"Chattanooga, TN",35.0317,-85.2975,Argus WorldPop geopolitical,1092.5728105731982
"Chicago, IL",41.8414,-87.6711,Argus uniform baseline,1292.6951956639198
"Chicago, IL",41.8414,-87.6711,Argus WorldPop baseline,6809.204441367484
"Chicago, IL",41.8414,-87.6711,Argus uniform geopolitical,1292.6951956639198
"Chicago, IL",41.8414,-87.6711,Argus WorldPop geopolitical,728.7918799693089
"Chico, CA",39.7754,-121.9199,Argus uniform baseline,1209.7421667734695
"Chico, CA",39.7754,-121.9199,Argus WorldPop baseline,8894.915529722775
"Chico, CA",39.7754,-121.9199,Argus uniform geopolitical,1209.7421667734695
"Chico, CA",39.7754,-121.9199,Argus WorldPop geopolitical,1209.7421667734695
"Clarksville, GA",34.6485,-83.5473,Argus uniform baseline,1057.6829422876826
"Clarksville, GA",34.6485,-83.5473,Argus WorldPop baseline,6998.598231199151
"Clarksville, GA",34.6485,-83.5473,Argus uniform geopolitical,2169.5141323172293
"Clarksville, GA",34.6485,-83.5473,Argus WorldPop geopolitical,1224.6041878324943
"Cobargo, Australia",-36.3886,149.89,Argus uniform baseline,865.029317817975
"Cobargo, Australia",-36.3886,149.89,Argus WorldPop baseline,7938.448675515517
"Cobargo, Australia",-36.3886,149.89,Argus uniform geopolitical,865.029317817975
"Cobargo, Australia",-36.3886,149.89,Argus WorldPop geopolitical,6428.869118434262
"Colburn, ID",48.4,-116.55,Argus uniform baseline,340.0918801166593
"Colburn, ID",48.4,-116.55,Argus WorldPop baseline,7865.542439882657
"Colburn, ID",48.4,-116.55,Argus uniform geopolitical,340.0918801166593
"Colburn, ID",48.4,-116.55,Argus WorldPop geopolitical,340.0918801166593
"Conrad, MT",48.17,-111.95,Argus uniform baseline,19.264548347189777
"Conrad, MT",48.17,-111.95,Argus WorldPop baseline,7671.818394603101
"Conrad, MT",48.17,-111.95,Argus uniform geopolitical,19.264548347189777
"Conrad, MT",48.17,-111.95,Argus WorldPop geopolitical,19.264548347189777
"Corpus Christi, TX",27.7931,-97.4519,Argus uniform baseline,2560.8363526389026
"Corpus Christi, TX",27.7931,-97.4519,Argus WorldPop baseline,8522.555729970158
"Corpus Christi, TX",27.7931,-97.4519,Argus uniform geopolitical,2574.2691044482417
"Corpus Christi, TX",27.7931,-97.4519,Argus WorldPop geopolitical,879.0039566391328
"Cromwell, NZ",-45.05,169.2,Argus uniform baseline,1365.940785742185
"Cromwell, NZ",-45.05,169.2,Argus WorldPop baseline,9524.392600960151
"Cromwell, NZ",-45.05,169.2,Argus uniform geopolitical,1365.940785742185
"Cromwell, NZ",-45.05,169.2,Argus WorldPop geopolitical,8176.536755442515
"Dallas, TX",32.7999,-96.8182,Argus uniform baseline,2115.2886401497244
"Dallas, TX",32.7999,-96.8182,Argus WorldPop baseline,8086.382181692745
"Dallas, TX",32.7999,-96.8182,Argus uniform geopolitical,2115.2886401497244
"Dallas, TX",32.7999,-96.8182,Argus WorldPop geopolitical,803.9450240575402
"Debeque, CO",39.289,-108.205,Argus uniform baseline,1015.2746105458162
"Debeque, CO",39.289,-108.205,Argus WorldPop baseline,8233.54497059796
"Debeque, CO",39.289,-108.205,Argus uniform geopolitical,1015.2746105458162
"Debeque, CO",39.289,-108.205,Argus WorldPop geopolitical,1015.2746105458162
"Delta, UT",39.3461,-112.5894,Argus uniform baseline,963.4283625768577
"Delta, UT",39.3461,-112.5894,Argus WorldPop baseline,8466.417107409628
"Delta, UT",39.3461,-112.5894,Argus uniform geopolitical,963.4283625768577
"Delta, UT",39.3461,-112.5894,Argus WorldPop geopolitical,963.4283625768577
"Denver, CO",39.7457,-104.9954,Argus uniform baseline,1074.9093060161792
"Denver, CO",39.7457,-104.9954,Argus WorldPop baseline,8014.914395370379
"Denver, CO",39.7457,-104.9954,Argus uniform geopolitical,1074.9093060161792
"Denver, CO",39.7457,-104.9954,Argus WorldPop geopolitical,767.8498264205714
"Douglas, WY",42.7401,-105.3504,Argus uniform baseline,781.650644981381
"Douglas, WY",42.7401,-105.3504,Argus WorldPop baseline,7787.046885721007
"Douglas, WY",42.7401,-105.3504,Argus uniform geopolitical,781.650644981381
"Douglas, WY",42.7401,-105.3504,Argus WorldPop geopolitical,781.650644981381
"Draper, UT",40.4799,-111.8229,Argus uniform baseline,836.3153187955978
"Draper, UT",40.4799,-111.8229,Argus WorldPop baseline,8326.97309606443
"Draper, UT",40.4799,-111.8229,Argus uniform geopolitical,836.3153187955978
"Draper, UT",40.4799,-111.8229,Argus WorldPop geopolitical,836.3153187955978
"Dubois, ID",44.1704,-112.2251,Argus uniform baseline,426.1852657827961
"Dubois, ID",44.1704,-112.2251,Argus WorldPop baseline,8028.035171653568
"Dubois, ID",44.1704,-112.2251,Argus uniform geopolitical,426.1852657827961
"Dubois, ID",44.1704,-112.2251,Argus WorldPop geopolitical,426.1852657827961
"Dubuque, IA",42.4446,-90.6785,Argus uniform baseline,1135.2012030252572
"Dubuque, IA",42.4446,-90.6785,Argus WorldPop baseline,6953.212681602866
"Dubuque, IA",42.4446,-90.6785,Argus uniform geopolitical,1135.2012030252572
"Dubuque, IA",42.4446,-90.6785,Argus WorldPop geopolitical,521.3599887525429
"Duluth, MN",46.8281,-92.1304,Argus uniform baseline,639.3769969326343
"Duluth, MN",46.8281,-92.1304,Argus WorldPop baseline,6722.426947196421
"Duluth, MN",46.8281,-92.1304,Argus uniform geopolitical,639.3769969326343
"Duluth, MN",46.8281,-92.1304,Argus WorldPop geopolitical,820.79785855763
"Dumas, TX",35.8628,-101.9732,Argus uniform baseline,1581.0688922913876
"Dumas, TX",35.8628,-101.9732,Argus WorldPop baseline,8158.702678625063
"Dumas, TX",35.8628,-101.9732,Argus uniform geopolitical,1581.0688922913876
"Dumas, TX",35.8628,-101.9732,Argus WorldPop geopolitical,696.8859423091083
"Eagan, MN",44.8393,-93.1456,Argus uniform baseline,823.4536796773976
"Eagan, MN",44.8393,-93.1456,Argus WorldPop baseline,6926.403041362525
"Eagan, MN",44.8393,-93.1456,Argus uniform geopolitical,823.4536796773976
"Eagan, MN",44.8393,-93.1456,Argus WorldPop geopolitical,586.8036279110842
"Edison, NJ",40.5211,-74.3451,Argus uniform baseline,542.7610806470624
"Edison, NJ",40.5211,-74.3451,Argus WorldPop baseline,5996.89211347457
"Edison, NJ",40.5211,-74.3451,Argus uniform geopolitical,1769.8863012571564
"Edison, NJ",40.5211,-74.3451,Argus WorldPop geopolitical,410.08451268944435
El Marques,20.7351,-100.2836,Argus uniform baseline,3208.322027503536
El Marques,20.7351,-100.2836,Argus WorldPop baseline,9207.19982665549
El Marques,20.7351,-100.2836,Argus uniform geopolitical,3208.322027503536
El Marques,20.7351,-100.2836,Argus WorldPop geopolitical,453.93804939026484
"Elbert, CO",39.2239,-104.5347,Argus uniform baseline,1144.8340484583646
"Elbert, CO",39.2239,-104.5347,Argus WorldPop baseline,8031.902541297157
"Elbert, CO",39.2239,-104.5347,Argus uniform geopolitical,1144.8340484583646
"Elbert, CO",39.2239,-104.5347,Argus WorldPop geopolitical,735.8881867399411
"Elfordstown, Ireland",52.0833,-8.25,Argus uniform baseline,940.7342555590698
"Elfordstown, Ireland",52.0833,-8.25,Argus WorldPop baseline,983.8797011424665
"Elfordstown, Ireland",52.0833,-8.25,Argus uniform geopolitical,940.7342555590698
"Elfordstown, Ireland",52.0833,-8.25,Argus WorldPop geopolitical,983.8797011424665
"Evanston, WY",41.2683,-110.9632,Argus uniform baseline,752.9929534860642
"Evanston, WY",41.2683,-110.9632,Argus WorldPop baseline,8213.35795590895
"Evanston, WY",41.2683,-110.9632,Argus uniform geopolitical,752.9929534860642
"Evanston, WY",41.2683,-110.9632,Argus WorldPop geopolitical,752.9929534860642
"Fair Park, UT",40.7669,-111.9212,Argus uniform baseline,804.3082760994456
"Fair Park, UT",40.7669,-111.9212,Argus WorldPop baseline,8307.208967333225
"Fair Park, UT",40.7669,-111.9212,Argus uniform geopolitical,804.3082760994456
"Fair Park, UT",40.7669,-111.9212,Argus WorldPop geopolitical,804.3082760994456
"Fairbanks, AK",64.8378,-147.7164,Argus uniform baseline,1815.8505461693846
"Fairbanks, AK",64.8378,-147.7164,Argus WorldPop baseline,6556.702832732347
"Fairbanks, AK",64.8378,-147.7164,Argus uniform geopolitical,1815.8505461693846
"Fairbanks, AK",64.8378,-147.7164,Argus WorldPop geopolitical,2820.1435506773114
"Falda del Carmen, Argentina",-31.5333,-64.45,Argus uniform baseline,6749.838573908274
"Falda del Carmen, Argentina",-31.5333,-64.45,Argus WorldPop baseline,7715.674862947352
"Falda del Carmen, Argentina",-31.5333,-64.45,Argus uniform geopolitical,4801.678177329243
"Falda del Carmen, Argentina",-31.5333,-64.45,Argus WorldPop geopolitical,1482.221145918871
"Foggia, Italy",41.4621,15.5444,Argus uniform baseline,2256.7383124218877
"Foggia, Italy",41.4621,15.5444,Argus WorldPop baseline,460.4026641864451
"Foggia, Italy",41.4621,15.5444,Argus uniform geopolitical,2256.7383124218877
"Foggia, Italy",41.4621,15.5444,Argus WorldPop geopolitical,460.4026641864451
"Fort Lauderdale, FL",26.1224,-80.1373,Argus uniform baseline,1343.0301681690607
"Fort Lauderdale, FL",26.1224,-80.1373,Argus WorldPop baseline,7155.666446832458
"Fort Lauderdale, FL",26.1224,-80.1373,Argus uniform geopolitical,2787.8965888688153
"Fort Lauderdale, FL",26.1224,-80.1373,Argus WorldPop geopolitical,1758.0619636481956
"Franklin Park, IL",41.9288,-87.8574,Argus uniform baseline,1277.1795416664368
"Franklin Park, IL",41.9288,-87.8574,Argus WorldPop baseline,6814.683614659571
"Franklin Park, IL",41.9288,-87.8574,Argus uniform geopolitical,1277.1795416664368
"Franklin Park, IL",41.9288,-87.8574,Argus WorldPop geopolitical,716.2087181442837
"Frederick, MD",39.4143,-77.4105,Argus uniform baseline,608.6325013366275
"Frederick, MD",39.4143,-77.4105,Argus WorldPop baseline,6284.693586109148
"Frederick, MD",39.4143,-77.4105,Argus uniform geopolitical,1854.0663760665705
"Frederick, MD",39.4143,-77.4105,Argus WorldPop geopolitical,523.1536301668482
"Fremont, CA",37.4921,-121.9367,Argus uniform baseline,1419.9500331560057
"Fremont, CA",37.4921,-121.9367,Argus WorldPop baseline,9107.976669740761
"Fremont, CA",37.4921,-121.9367,Argus uniform geopolitical,1419.9500331560057
"Fremont, CA",37.4921,-121.9367,Argus WorldPop geopolitical,1419.9500331560057
"Ft. Lauderdale, FL",26.1911,-80.1934,Argus uniform baseline,1339.7277963357074
"Ft. Lauderdale, FL",26.1911,-80.1934,Argus WorldPop baseline,7156.797416421208
"Ft. Lauderdale, FL",26.1911,-80.1934,Argus uniform geopolitical,2791.9899075700655
"Ft. Lauderdale, FL",26.1911,-80.1934,Argus WorldPop geopolitical,1755.3568855740084
"Gaffney, SC",35.0718,-81.6498,Argus uniform baseline,878.8705196058654
"Gaffney, SC",35.0718,-81.6498,Argus WorldPop baseline,6822.500532889568
"Gaffney, SC",35.0718,-81.6498,Argus uniform geopolitical,2200.3780706682937
"Gaffney, SC",35.0718,-81.6498,Argus WorldPop geopolitical,1103.9994573124523
"Goodyear, AZ",33.4121,-112.4129,Argus uniform baseline,1622.467298112601
"Goodyear, AZ",33.4121,-112.4129,Argus WorldPop baseline,8978.898585569244
"Goodyear, AZ",33.4121,-112.4129,Argus uniform geopolitical,1622.467298112601
"Goodyear, AZ",33.4121,-112.4129,Argus WorldPop geopolitical,1622.467298112601
"Goonhilly, UK",50.0502,-5.1825,Argus uniform baseline,847.5618114462227
"Goonhilly, UK",50.0502,-5.1825,Argus WorldPop baseline,706.7220031346206
"Goonhilly, UK",50.0502,-5.1825,Argus uniform geopolitical,847.5618114462227
"Goonhilly, UK",50.0502,-5.1825,Argus WorldPop geopolitical,706.7220031346206
"Gordon, GA",32.8411,-83.2538,Argus uniform baseline,1089.588179979863
"Gordon, GA",32.8411,-83.2538,Argus WorldPop baseline,7065.831015863389
"Gordon, GA",32.8411,-83.2538,Argus uniform geopolitical,2365.401488657007
"Gordon, GA",32.8411,-83.2538,Argus WorldPop geopolitical,1388.5304204157705
"Grant District, WV",38.978,-79.1466,Argus uniform baseline,711.8983108546523
"Grant District, WV",38.978,-79.1466,Argus WorldPop baseline,6441.549278383529
"Grant District, WV",38.978,-79.1466,Argus uniform geopolitical,1893.80917697368
"Grant District, WV",38.978,-79.1466,Argus WorldPop geopolitical,616.7431871132305
"Greenville, PA",41.4028,-80.3812,Argus uniform baseline,942.5359118002501
"Greenville, PA",41.4028,-80.3812,Argus WorldPop baseline,6368.605353282687
"Greenville, PA",41.4028,-80.3812,Argus uniform geopolitical,1623.3692414303766
"Greenville, PA",41.4028,-80.3812,Argus WorldPop geopolitical,459.86205183543075
"Guarapari, Brazil",-20.6614,-40.4981,Argus uniform baseline,5482.426512104805
"Guarapari, Brazil",-20.6614,-40.4981,Argus WorldPop baseline,5080.344570323615
"Guarapari, Brazil",-20.6614,-40.4981,Argus uniform geopolitical,2543.6587895311322
"Guarapari, Brazil",-20.6614,-40.4981,Argus WorldPop geopolitical,964.5657742549698
"Hamshire, TX",29.8622,-94.6749,Argus uniform baseline,2217.4394825713694
"Hamshire, TX",29.8622,-94.6749,Argus WorldPop baseline,8170.24850352477
"Hamshire, TX",29.8622,-94.6749,Argus uniform geopolitical,2464.0238977352888
"Hamshire, TX",29.8622,-94.6749,Argus WorldPop geopolitical,1104.703475699966
"Hawkins, TX",32.6136,-95.2998,Argus uniform baseline,2156.4124555941216
"Hawkins, TX",32.6136,-95.2998,Argus WorldPop baseline,8003.125229333244
"Hawkins, TX",32.6136,-95.2998,Argus uniform geopolitical,2156.4124555941216
"Hawkins, TX",32.6136,-95.2998,Argus WorldPop geopolitical,823.714564692871
"Hawthorne, CA",33.9207,-118.328,Argus uniform baseline,1651.8204897788091
"Hawthorne, CA",33.9207,-118.328,Argus WorldPop baseline,9255.428863403326
"Hawthorne, CA",33.9207,-118.328,Argus uniform geopolitical,1651.8204897788091
"Hawthorne, CA",33.9207,-118.328,Argus WorldPop geopolitical,1651.8204897788091
"Highlands Ranch, CO",39.55,-105.0333,Argus uniform baseline,1092.4299445794948
"Highlands Ranch, CO",39.55,-105.0333,Argus WorldPop baseline,8033.331190408131
"Highlands Ranch, CO",39.55,-105.0333,Argus uniform geopolitical,1092.4299445794948
"Highlands Ranch, CO",39.55,-105.0333,Argus WorldPop geopolitical,773.2751575062497
"Hillman, MI",45.0586,-83.9022,Argus uniform baseline,1176.013286545691
"Hillman, MI",45.0586,-83.9022,Argus WorldPop baseline,6348.111481863801
"Hillman, MI",45.0586,-83.9022,Argus uniform geopolitical,1176.013286545691
"Hillman, MI",45.0586,-83.9022,Argus WorldPop geopolitical,637.0966171479317
"Hillsboro, TX",32.011,-97.13,Argus uniform baseline,2174.5592443003325
"Hillsboro, TX",32.011,-97.13,Argus WorldPop baseline,8170.259082437946
"Hillsboro, TX",32.011,-97.13,Argus uniform geopolitical,2174.5592443003325
"Hillsboro, TX",32.011,-97.13,Argus WorldPop geopolitical,894.1084027489833
"Hinds, NZ",-43.8667,171.5833,Argus uniform baseline,1564.5413357495077
"Hinds, NZ",-43.8667,171.5833,Argus WorldPop baseline,9525.057588195046
"Hinds, NZ",-43.8667,171.5833,Argus uniform geopolitical,1564.5413357495077
"Hinds, NZ",-43.8667,171.5833,Argus WorldPop geopolitical,8223.065213501442
"Hitterdal, MN",46.9769,-96.2595,Argus uniform baseline,558.85664042984
"Hitterdal, MN",46.9769,-96.2595,Argus WorldPop baseline,6947.992645694978
"Hitterdal, MN",46.9769,-96.2595,Argus uniform geopolitical,558.85664042984
"Hitterdal, MN",46.9769,-96.2595,Argus WorldPop geopolitical,776.0770006158916
"Honolulu, HI",21.315,-157.8664,Argus uniform baseline,2157.4455316521903
"Honolulu, HI",21.315,-157.8664,Argus WorldPop baseline,7325.7544992296125
"Honolulu, HI",21.315,-157.8664,Argus uniform geopolitical,2157.4455316521903
"Honolulu, HI",21.315,-157.8664,Argus WorldPop geopolitical,5029.945855955833
"Howell, UT",41.8366,-112.4352,Argus uniform baseline,686.1916664235048
"Howell, UT",41.8366,-112.4352,Argus WorldPop baseline,8240.975752438102
"Howell, UT",41.8366,-112.4352,Argus uniform geopolitical,686.1916664235048
"Howell, UT",41.8366,-112.4352,Argus WorldPop geopolitical,686.1916664235048
"Ibi, Spain",38.6264,-0.5726,Argus uniform baseline,1124.4552645100403
"Ibi, Spain",38.6264,-0.5726,Argus WorldPop baseline,420.844120955915
"Ibi, Spain",38.6264,-0.5726,Argus uniform geopolitical,1124.4552645100403
"Ibi, Spain",38.6264,-0.5726,Argus WorldPop geopolitical,420.844120955915
"Inman, KS",38.2319,-97.7725,Argus uniform baseline,1537.125062382299
"Inman, KS",38.2319,-97.7725,Argus WorldPop baseline,7711.399508481025
"Inman, KS",38.2319,-97.7725,Argus uniform geopolitical,1537.125062382299
"Inman, KS",38.2319,-97.7725,Argus WorldPop geopolitical,249.06000754387503
"Iron Mountain, CO",39.7775,-104.9685,Argus uniform baseline,1072.9420836341121
"Iron Mountain, CO",39.7775,-104.9685,Argus WorldPop baseline,8010.744569400441
"Iron Mountain, CO",39.7775,-104.9685,Argus uniform geopolitical,1072.9420836341121
"Iron Mountain, CO",39.7775,-104.9685,Argus WorldPop geopolitical,765.2591986871041
"Irvine, CA",33.6872,-117.8479,Argus uniform baseline,1664.5431136771092
"Irvine, CA",33.6872,-117.8479,Argus WorldPop baseline,9251.420611552776
"Irvine, CA",33.6872,-117.8479,Argus uniform geopolitical,1664.5431136771092
"Irvine, CA",33.6872,-117.8479,Argus WorldPop geopolitical,1664.5431136771092
"Isle of Man, UK",54.13909,-4.49728,Argus uniform baseline,1251.2612534319778
"Isle of Man, UK",54.13909,-4.49728,Argus WorldPop baseline,903.4492675838617
"Isle of Man, UK",54.13909,-4.49728,Argus uniform geopolitical,1251.2612534319778
"Isle of Man, UK",54.13909,-4.49728,Argus WorldPop geopolitical,903.4492675838617
"Itaboraí, Brazil",-22.7446,-42.8586,Argus uniform baseline,5727.176684544412
"Itaboraí, Brazil",-22.7446,-42.8586,Argus WorldPop baseline,5416.60429667064
"Itaboraí, Brazil",-22.7446,-42.8586,Argus uniform geopolitical,2740.9320411945755
"Itaboraí, Brazil",-22.7446,-42.8586,Argus WorldPop geopolitical,943.2729723530509
"Kalama, WA",46.01,-122.84,Argus uniform baseline,764.5934068254547
"Kalama, WA",46.01,-122.84,Argus WorldPop baseline,8358.088083353088
"Kalama, WA",46.01,-122.84,Argus uniform geopolitical,764.5934068254547
"Kalama, WA",46.01,-122.84,Argus WorldPop geopolitical,850.4235281929579
"Kaua'i, HI",21.9994,-159.378,Argus uniform baseline,2048.659565337708
"Kaua'i, HI",21.9994,-159.378,Argus WorldPop baseline,7151.992736800956
"Kaua'i, HI",21.9994,-159.378,Argus uniform geopolitical,2048.659565337708
"Kaua'i, HI",21.9994,-159.378,Argus WorldPop geopolitical,5080.8941488800365
"Kaunas, Lithuania",54.8985,23.9036,Argus uniform baseline,2130.405479666825
"Kaunas, Lithuania",54.8985,23.9036,Argus WorldPop baseline,771.566435432368
"Kaunas, Lithuania",54.8985,23.9036,Argus uniform geopolitical,2823.7742574015215
"Kaunas, Lithuania",54.8985,23.9036,Argus WorldPop geopolitical,1243.779355252822
"Kenansville, FL",27.8847,-81.0962,Argus uniform baseline,1244.1304117957377
"Kenansville, FL",27.8847,-81.0962,Argus WorldPop baseline,7143.236071624418
"Kenansville, FL",27.8847,-81.0962,Argus uniform geopolitical,2851.322503341367
"Kenansville, FL",27.8847,-81.0962,Argus WorldPop geopolitical,1747.8150466338652
"Kent, WA",47.4211,-122.2481,Argus uniform baseline,655.5396401939643
"Kent, WA",47.4211,-122.2481,Argus WorldPop baseline,8202.700996559166
"Kent, WA",47.4211,-122.2481,Argus uniform geopolitical,655.5396401939643
"Kent, WA",47.4211,-122.2481,Argus WorldPop geopolitical,768.8914210187655
"Ketchikan, AK",55.342,-131.636,Argus uniform baseline,441.9804442090267
"Ketchikan, AK",55.342,-131.636,Argus WorldPop baseline,7583.894484939965
"Ketchikan, AK",55.342,-131.636,Argus uniform geopolitical,441.9804442090267
"Ketchikan, AK",55.342,-131.636,Argus WorldPop geopolitical,1573.0571628884952
"Ki Ki, Australia",-35.8,139.7167,Argus uniform baseline,1123.4477760128889
"Ki Ki, Australia",-35.8,139.7167,Argus WorldPop baseline,7637.327933073242
"Ki Ki, Australia",-35.8,139.7167,Argus uniform geopolitical,423.3482228934871
"Ki Ki, Australia",-35.8,139.7167,Argus WorldPop geopolitical,5893.346812073932
"Kihei, HI",20.746,-156.432,Argus uniform baseline,2258.415244770248
"Kihei, HI",20.746,-156.432,Argus WorldPop baseline,7487.146329538223
"Kihei, HI",20.746,-156.432,Argus uniform geopolitical,2258.415244770248
"Kihei, HI",20.746,-156.432,Argus WorldPop geopolitical,4976.9849689149405
"Kiowa, CO",39.292,-104.5052,Argus uniform baseline,1139.4674924474975
"Kiowa, CO",39.292,-104.5052,Argus WorldPop baseline,8024.563937308083
"Kiowa, CO",39.292,-104.5052,Argus uniform geopolitical,1139.4674924474975
"Kiowa, CO",39.292,-104.5052,Argus WorldPop geopolitical,732.175241732671
"Kuparuk, AK",70.3316,-149.5947,Argus uniform baseline,2314.9698394571706
"Kuparuk, AK",70.3316,-149.5947,Argus WorldPop baseline,5960.560585258909
"Kuparuk, AK",70.3316,-149.5947,Argus uniform geopolitical,2314.9698394571706
"Kuparuk, AK",70.3316,-149.5947,Argus WorldPop geopolitical,3176.833981285417
"Lawrence, KS",38.9717,-95.2353,Argus uniform baseline,1449.8851575233252
"Lawrence, KS",38.9717,-95.2353,Argus WorldPop baseline,7497.2582956006945
"Lawrence, KS",38.9717,-95.2353,Argus uniform geopolitical,1449.8851575233252
"Lawrence, KS",38.9717,-95.2353,Argus WorldPop geopolitical,131.8344478328593
Lekki,6.4711,3.8148,Argus uniform baseline,2275.182680299976
Lekki,6.4711,3.8148,Argus WorldPop baseline,503.89243197578713
Lekki,6.4711,3.8148,Argus uniform geopolitical,2275.182680299976
Lekki,6.4711,3.8148,Argus WorldPop geopolitical,503.89243197578713
"Lepe, Spain",37.2547,-7.2044,Argus uniform baseline,851.8857431425163
"Lepe, Spain",37.2547,-7.2044,Argus WorldPop baseline,318.14708368537447
"Lepe, Spain",37.2547,-7.2044,Argus uniform geopolitical,851.8857431425163
"Lepe, Spain",37.2547,-7.2044,Argus WorldPop geopolitical,318.14708368537447
"Limestone, ME",46.9149,-67.9195,Argus uniform baseline,1045.648514442708
"Limestone, ME",46.9149,-67.9195,Argus WorldPop baseline,5203.442136858561
"Limestone, ME",46.9149,-67.9195,Argus uniform geopolitical,1045.648514442708
"Limestone, ME",46.9149,-67.9195,Argus WorldPop geopolitical,708.2264514349007
"Lindon, UT",40.3327,-111.7312,Argus uniform baseline,852.8328616008121
"Lindon, UT",40.3327,-111.7312,Argus WorldPop baseline,8334.917759449676
"Lindon, UT",40.3327,-111.7312,Argus uniform geopolitical,852.8328616008121
"Lindon, UT",40.3327,-111.7312,Argus WorldPop geopolitical,852.8328616008121
"Lisle, IL",41.8006,-88.0961,Argus uniform baseline,1281.5278192204519
"Lisle, IL",41.8006,-88.0961,Argus WorldPop baseline,6838.976198847333
"Lisle, IL",41.8006,-88.0961,Argus uniform geopolitical,1281.5278192204519
"Lisle, IL",41.8006,-88.0961,Argus WorldPop geopolitical,693.5119075632705
"Litchfield, MN",45.12,-94.53,Argus uniform baseline,772.5877683231879
"Litchfield, MN",45.12,-94.53,Argus WorldPop baseline,6986.97463804331
"Litchfield, MN",45.12,-94.53,Argus uniform geopolitical,772.5877683231879
"Litchfield, MN",45.12,-94.53,Argus WorldPop geopolitical,581.8797522997095
"Lithia Springs, GA",33.7459,-84.5795,Argus uniform baseline,1173.7234450917806
"Lithia Springs, GA",33.7459,-84.5795,Argus WorldPop baseline,7128.8206758799315
"Lithia Springs, GA",33.7459,-84.5795,Argus uniform geopolitical,2226.7260761372404
"Lithia Springs, GA",33.7459,-84.5795,Argus WorldPop geopolitical,1229.4871857301605
"Llano Grande, Mexico",19.34,-97.008,Argus uniform baseline,3065.4994552309113
"Llano Grande, Mexico",19.34,-97.008,Argus WorldPop baseline,9018.614605088316
"Llano Grande, Mexico",19.34,-97.008,Argus uniform geopolitical,3461.5714551577435
"Llano Grande, Mexico",19.34,-97.008,Argus WorldPop geopolitical,128.55049384251316
"Lockport, NY",43.1709,-78.6903,Argus uniform baseline,981.3440684559961
"Lockport, NY",43.1709,-78.6903,Argus WorldPop baseline,6139.361563218942
"Lockport, NY",43.1709,-78.6903,Argus uniform geopolitical,1429.5846241799075
"Lockport, NY",43.1709,-78.6903,Argus WorldPop geopolitical,235.4682716830746
"Loring, ME",46.95,-67.89,Argus uniform baseline,1041.3303832804986
"Loring, ME",46.95,-67.89,Argus WorldPop baseline,5199.582288344076
"Loring, ME",46.95,-67.89,Argus uniform geopolitical,1041.3303832804986
"Loring, ME",46.95,-67.89,Argus WorldPop geopolitical,711.8780477489871
"Los Angeles, CA",34.0581,-118.2354,Argus uniform baseline,1634.7347341359468
"Los Angeles, CA",34.0581,-118.2354,Argus WorldPop baseline,9238.00883622954
"Los Angeles, CA",34.0581,-118.2354,Argus uniform geopolitical,1634.7347341359468
"Los Angeles, CA",34.0581,-118.2354,Argus WorldPop geopolitical,1634.7347341359468
"Lunenburg, VT",44.412,-71.7318,Argus uniform baseline,935.647415118145
"Lunenburg, VT",44.412,-71.7318,Argus WorldPop baseline,5600.574753650939
"Lunenburg, VT",44.412,-71.7318,Argus uniform geopolitical,1399.036870827145
"Lunenburg, VT",44.412,-71.7318,Argus WorldPop geopolitical,343.24262826334785
"Luz, Brazil",-19.79,-44.7325,Argus uniform baseline,5371.182846081788
"Luz, Brazil",-19.79,-44.7325,Argus WorldPop baseline,5353.621640024786
"Luz, Brazil",-19.79,-44.7325,Argus uniform geopolitical,2995.846416897778
"Luz, Brazil",-19.79,-44.7325,Argus WorldPop geopolitical,883.6823520876275
"Lynnwood, WA",47.8417,-122.3009,Argus uniform baseline,616.2852448920967
"Lynnwood, WA",47.8417,-122.3009,Argus WorldPop baseline,8166.251717509065
"Lynnwood, WA",47.8417,-122.3009,Argus uniform geopolitical,616.2852448920967
"Lynnwood, WA",47.8417,-122.3009,Argus WorldPop geopolitical,767.2331735228896
"Madera, CA",36.8588,-119.9105,Argus uniform baseline,1396.8837412961118
"Madera, CA",36.8588,-119.9105,Argus WorldPop baseline,9067.06253954306
"Madera, CA",36.8588,-119.9105,Argus uniform geopolitical,1396.8837412961118
"Madera, CA",36.8588,-119.9105,Argus WorldPop geopolitical,1396.8837412961118
"Manaus, Brazil",-3.119,-60.0217,Argus uniform baseline,3565.191911755925
"Manaus, Brazil",-3.119,-60.0217,Argus WorldPop baseline,5989.341851627791
"Manaus, Brazil",-3.119,-60.0217,Argus uniform geopolitical,3565.191911755925
"Manaus, Brazil",-3.119,-60.0217,Argus WorldPop geopolitical,2415.516214884358
"Mandale, NC",35.895778,-79.226722,Argus uniform baseline,650.48926231776
"Mandale, NC",35.895778,-79.226722,Argus WorldPop baseline,6584.967230897022
"Mandale, NC",35.895778,-79.226722,Argus uniform geopolitical,2226.7489483128174
"Mandale, NC",35.895778,-79.226722,Argus WorldPop geopolitical,941.9806314875589
"Manistique, MI",45.9575,-86.2464,Argus uniform baseline,977.3026401290832
"Manistique, MI",45.9575,-86.2464,Argus WorldPop baseline,6432.231597565088
"Manistique, MI",45.9575,-86.2464,Argus uniform geopolitical,977.3026401290832
"Manistique, MI",45.9575,-86.2464,Argus WorldPop geopolitical,834.1447477959014
"Marathon, ON",48.754,-86.379,Argus uniform baseline,770.9895892563069
"Marathon, ON",48.754,-86.379,Argus WorldPop baseline,6252.632409698864
"Marathon, ON",48.754,-86.379,Argus uniform geopolitical,770.9895892563069
"Marathon, ON",48.754,-86.379,Argus WorldPop geopolitical,954.4273242556667
"Marcell, MN",47.593,-93.6941,Argus uniform baseline,517.1619853894255
"Marcell, MN",47.593,-93.6941,Argus WorldPop baseline,6757.423245982753
"Marcell, MN",47.593,-93.6941,Argus uniform geopolitical,517.1619853894255
"Marcell, MN",47.593,-93.6941,Argus WorldPop geopolitical,864.2389717192692
"Marsala, Italy",37.7986,12.4357,Argus uniform baseline,2156.9554397714883
"Marsala, Italy",37.7986,12.4357,Argus WorldPop baseline,937.101420417278
"Marsala, Italy",37.7986,12.4357,Argus uniform geopolitical,2156.9554397714883
"Marsala, Italy",37.7986,12.4357,Argus WorldPop geopolitical,455.1716512118061
"Mazahua, Mexico",19.65,-100.05,Argus uniform baseline,3284.0097510938067
"Mazahua, Mexico",19.65,-100.05,Argus WorldPop baseline,9258.148905562715
"Mazahua, Mexico",19.65,-100.05,Argus uniform geopolitical,3330.9846118850783
"Mazahua, Mexico",19.65,-100.05,Argus WorldPop geopolitical,425.4219526746474
"McGregor, TX",31.44,-97.41,Argus uniform baseline,2216.068195043905
"McGregor, TX",31.44,-97.41,Argus WorldPop baseline,8234.706497330719
"McGregor, TX",31.44,-97.41,Argus uniform geopolitical,2216.068195043905
"McGregor, TX",31.44,-97.41,Argus WorldPop geopolitical,960.2620577445035
"Merida, Mexico",20.9674,-89.5926,Argus uniform baseline,2390.197995338642
"Merida, Mexico",20.9674,-89.5926,Argus WorldPop baseline,8276.435962023654
"Merida, Mexico",20.9674,-89.5926,Argus uniform geopolitical,3494.7934569337144
"Merida, Mexico",20.9674,-89.5926,Argus WorldPop geopolitical,675.982016272854
"Merredin, Australia",-31.4833,118.2833,Argus uniform baseline,1496.268201164647
"Merredin, Australia",-31.4833,118.2833,Argus WorldPop baseline,6703.323562012799
"Merredin, Australia",-31.4833,118.2833,Argus uniform geopolitical,1496.268201164647
"Merredin, Australia",-31.4833,118.2833,Argus WorldPop geopolitical,4524.552712634848
"Merrillan, WI",44.45,-90.8333,Argus uniform baseline,922.0758558556853
"Merrillan, WI",44.45,-90.8333,Argus WorldPop baseline,6816.655177543714
"Merrillan, WI",44.45,-90.8333,Argus uniform geopolitical,922.0758558556853
"Merrillan, WI",44.45,-90.8333,Argus WorldPop geopolitical,652.2769474371628
"Mesa, AZ",33.4212,-111.8592,Argus uniform baseline,1621.1312782353866
"Mesa, AZ",33.4212,-111.8592,Argus WorldPop baseline,8946.805296779881
"Mesa, AZ",33.4212,-111.8592,Argus uniform geopolitical,1621.1312782353866
"Mesa, AZ",33.4212,-111.8592,Argus WorldPop geopolitical,1588.4761074952178
"Miami, FL",25.7915,-80.3797,Argus uniform baseline,1387.0881878063876
"Miami, FL",25.7915,-80.3797,Argus WorldPop baseline,7194.872857339778
"Miami, FL",25.7915,-80.3797,Argus uniform geopolitical,2818.7388310961346
"Miami, FL",25.7915,-80.3797,Argus WorldPop geopolitical,1723.1154450752094
"Milano, Italy",45.4642,9.19,Argus uniform baseline,1676.8602978407146
"Milano, Italy",45.4642,9.19,Argus WorldPop baseline,485.59065251436016
"Milano, Italy",45.4642,9.19,Argus uniform geopolitical,1676.8602978407146
"Milano, Italy",45.4642,9.19,Argus WorldPop geopolitical,485.59065251436016
"Milwaukee, WI",43.1512,-88.0088,Argus uniform baseline,1150.6005618245001
"Milwaukee, WI",43.1512,-88.0088,Argus WorldPop baseline,6736.652598240939
"Milwaukee, WI",43.1512,-88.0088,Argus uniform geopolitical,1150.6005618245001
"Milwaukee, WI",43.1512,-88.0088,Argus WorldPop geopolitical,750.969130823414
"Minneapolis, MN",44.9709,-93.2544,Argus uniform baseline,807.213357872876
"Minneapolis, MN",44.9709,-93.2544,Argus WorldPop baseline,6923.149329241778
"Minneapolis, MN",44.9709,-93.2544,Argus uniform geopolitical,807.213357872876
"Minneapolis, MN",44.9709,-93.2544,Argus WorldPop geopolitical,596.7347279880069
"Molokai, HI",21.1333,-157.0167,Argus uniform baseline,2199.92685635842
"Molokai, HI",21.1333,-157.0167,Argus WorldPop baseline,7413.491767293507
"Molokai, HI",21.1333,-157.0167,Argus uniform geopolitical,2199.92685635842
"Molokai, HI",21.1333,-157.0167,Argus WorldPop geopolitical,4985.526158340086
Monterey,36.2231,-121.3877,Argus uniform baseline,1518.7591339312546
Monterey,36.2231,-121.3877,Argus WorldPop baseline,9199.161999421867
Monterey,36.2231,-121.3877,Argus uniform geopolitical,1518.7591339312546
Monterey,36.2231,-121.3877,Argus WorldPop geopolitical,1518.7591339312546
Montes Carlos,9.2895,-75.3994,Argus uniform baseline,2989.92293170735
Montes Carlos,9.2895,-75.3994,Argus WorldPop baseline,7354.184399889127
Montes Carlos,9.2895,-75.3994,Argus uniform geopolitical,3213.2088724094965
Montes Carlos,9.2895,-75.3994,Argus WorldPop geopolitical,2511.8657283804837
"Mossoró, Brazil",-5.1878,-37.3441,Argus uniform baseline,3939.3995954795855
"Mossoró, Brazil",-5.1878,-37.3441,Argus WorldPop baseline,3765.6305471798487
"Mossoró, Brazil",-5.1878,-37.3441,Argus uniform geopolitical,3096.7131033206815
"Mossoró, Brazil",-5.1878,-37.3441,Argus WorldPop geopolitical,811.7508066910091
"Mt. Ayr, IN",39.975,-87.3036,Argus uniform baseline,1409.9645535956179
"Mt. Ayr, IN",39.975,-87.3036,Argus WorldPop baseline,6920.763265288489
"Mt. Ayr, IN",39.975,-87.3036,Argus uniform geopolitical,1493.9423357745525
"Mt. Ayr, IN",39.975,-87.3036,Argus WorldPop geopolitical,740.6083098611874
"Muallim, Turkey",40.0333,30.05,Argus uniform baseline,2385.069835428653
"Muallim, Turkey",40.0333,30.05,Argus WorldPop baseline,939.2184332611454
"Muallim, Turkey",40.0333,30.05,Argus uniform geopolitical,3463.7635513229243
"Muallim, Turkey",40.0333,30.05,Argus WorldPop geopolitical,166.0989458101374
"Murayjat, Oman",23.588,58.545,Argus uniform baseline,3166.7138873523772
"Murayjat, Oman",23.588,58.545,Argus WorldPop baseline,2302.773789915723
"Murayjat, Oman",23.588,58.545,Argus uniform geopolitical,6071.136149470007
"Murayjat, Oman",23.588,58.545,Argus WorldPop geopolitical,3082.0886474460303
"Myrtle Beach, SC",33.71,-78.8958,Argus uniform baseline,678.5796130973573
"Myrtle Beach, SC",33.71,-78.8958,Argus WorldPop baseline,6660.077783463987
"Myrtle Beach, SC",33.71,-78.8958,Argus uniform geopolitical,2452.3172470836366
"Myrtle Beach, SC",33.71,-78.8958,Argus WorldPop geopolitical,1171.1345457483508
"Nemaha, NE",40.3408,-95.6708,Argus uniform baseline,1296.6880523797174
"Nemaha, NE",40.3408,-95.6708,Argus WorldPop baseline,7417.80922653035
"Nemaha, NE",40.3408,-95.6708,Argus uniform geopolitical,1296.6880523797174
"Nemaha, NE",40.3408,-95.6708,Argus WorldPop geopolitical,47.100218562043565
"New Braunfels, TX",29.703,-98.1245,Argus uniform baseline,2354.549440438265
"New Braunfels, TX",29.703,-98.1245,Argus WorldPop baseline,8422.999061542305
"New Braunfels, TX",29.703,-98.1245,Argus uniform geopolitical,2354.549440438265
"New Braunfels, TX",29.703,-98.1245,Argus WorldPop geopolitical,1099.92985523736
"New York, NY",40.7178,-74.0083,Argus uniform baseline,553.0028371544838
"New York, NY",40.7178,-74.0083,Argus WorldPop baseline,5962.8205603452425
"New York, NY",40.7178,-74.0083,Argus uniform geopolitical,1754.398258668406
"New York, NY",40.7178,-74.0083,Argus WorldPop geopolitical,399.941727674788
"Niland, CA",33.2205,-115.4668,Argus uniform baseline,1668.797174024854
"Niland, CA",33.2205,-115.4668,Argus WorldPop baseline,9165.537065895138
"Niland, CA",33.2205,-115.4668,Argus uniform geopolitical,1668.797174024854
"Niland, CA",33.2205,-115.4668,Argus WorldPop geopolitical,1668.797174024854
"Nome, AK",64.5011,-165.4064,Argus uniform baseline,2536.515028306309
"Nome, AK",64.5011,-165.4064,Argus WorldPop baseline,5719.901117093843
"Nome, AK",64.5011,-165.4064,Argus uniform geopolitical,2536.515028306309
"Nome, AK",64.5011,-165.4064,Argus WorldPop geopolitical,3624.647378740627
"Norcross, GA",33.941,-84.2135,Argus uniform baseline,1135.356268957921
"Norcross, GA",33.941,-84.2135,Argus WorldPop baseline,7088.829104996405
"Norcross, GA",33.941,-84.2135,Argus uniform geopolitical,2218.7502893545297
"Norcross, GA",33.941,-84.2135,Argus WorldPop geopolitical,1243.4473160873588
"North Miami, FL",25.9496,-80.1918,Argus uniform baseline,1362.1059053790889
"North Miami, FL",25.9496,-80.1918,Argus WorldPop baseline,7169.850735495839
"North Miami, FL",25.9496,-80.1918,Argus uniform geopolitical,2796.8729023311425
"North Miami, FL",25.9496,-80.1918,Argus WorldPop geopolitical,1746.589143948858
"Northlake, IL",41.92,-87.9113,Argus uniform baseline,1276.1126926050813
"Northlake, IL",41.92,-87.9113,Argus WorldPop baseline,6818.716580049343
"Northlake, IL",41.92,-87.9113,Argus uniform geopolitical,1276.1126926050813
"Northlake, IL",41.92,-87.9113,Argus WorldPop geopolitical,711.6472525777036
"Noviciado, Chile",-33.4167,-70.9333,Argus uniform baseline,7115.116887248748
"Noviciado, Chile",-33.4167,-70.9333,Argus WorldPop baseline,8351.587863745795
"Noviciado, Chile",-33.4167,-70.9333,Argus uniform geopolitical,5397.437632441133
"Noviciado, Chile",-33.4167,-70.9333,Argus WorldPop geopolitical,2117.5706400597737
"Otaru, Japan",43.1907,140.9945,Argus uniform baseline,4443.496527432166
"Otaru, Japan",43.1907,140.9945,Argus WorldPop baseline,1686.838684863711
"Otaru, Japan",43.1907,140.9945,Argus uniform geopolitical,4504.971930786205
"Otaru, Japan",43.1907,140.9945,Argus WorldPop geopolitical,546.0549671616562
"Oxford, AL",33.5936,-85.8768,Argus uniform baseline,1293.8376088234481
"Oxford, AL",33.5936,-85.8768,Argus WorldPop baseline,7242.947171697102
"Oxford, AL",33.5936,-85.8768,Argus uniform geopolitical,2202.1071243792103
"Oxford, AL",33.5936,-85.8768,Argus WorldPop geopolitical,1147.5678209401171
"Panaca, NV",37.8,-114.39,Argus uniform baseline,1150.6170843701937
"Panaca, NV",37.8,-114.39,Argus WorldPop baseline,8698.090358721569
"Panaca, NV",37.8,-114.39,Argus uniform geopolitical,1150.6170843701937
"Panaca, NV",37.8,-114.39,Argus WorldPop geopolitical,1150.6170843701937
"Perry, FL",30.0616,-83.5805,Argus uniform baseline,1264.100194167152
"Perry, FL",30.0616,-83.5805,Argus WorldPop baseline,7238.531819054431
"Perry, FL",30.0616,-83.5805,Argus uniform geopolitical,2643.9545298625594
"Perry, FL",30.0616,-83.5805,Argus WorldPop geopolitical,1578.0920980039605
"Peñuelas, Mexico",21.8422,-102.3344,Argus uniform baseline,3033.5470909501346
"Peñuelas, Mexico",21.8422,-102.3344,Argus WorldPop baseline,9306.353474156118
"Peñuelas, Mexico",21.8422,-102.3344,Argus uniform geopolitical,3033.5470909501346
"Peñuelas, Mexico",21.8422,-102.3344,Argus WorldPop geopolitical,688.9891100544423
"Phoenix, AZ",33.6841,-112.0983,Argus uniform baseline,1591.8765638063576
"Phoenix, AZ",33.6841,-112.0983,Argus WorldPop baseline,8937.157940405517
"Phoenix, AZ",33.6841,-112.0983,Argus uniform geopolitical,1591.8765638063576
"Phoenix, AZ",33.6841,-112.0983,Argus WorldPop geopolitical,1591.8765638063576
"Pimba, Australia",-31.2833,136.8,Argus uniform baseline,1367.1870049100307
"Pimba, Australia",-31.2833,136.8,Argus WorldPop baseline,7097.48773330774
"Pimba, Australia",-31.2833,136.8,Argus uniform geopolitical,313.22186213348044
"Pimba, Australia",-31.2833,136.8,Argus WorldPop geopolitical,5335.527057104856
"Pine Valley, CA",32.7014,-116.3651,Argus uniform baseline,1740.128821208369
"Pine Valley, CA",32.7014,-116.3651,Argus WorldPop baseline,9261.357805231974
"Pine Valley, CA",32.7014,-116.3651,Argus uniform geopolitical,1740.128821208369
"Pine Valley, CA",32.7014,-116.3651,Argus WorldPop geopolitical,1740.128821208369
"Piscataway, NJ",40.5434,-74.498,Argus uniform baseline,550.1904595710058
"Piscataway, NJ",40.5434,-74.498,Argus WorldPop baseline,6008.240256599389
"Piscataway, NJ",40.5434,-74.498,Argus uniform geopolitical,1764.8911860421244
"Piscataway, NJ",40.5434,-74.498,Argus WorldPop geopolitical,403.7158949999011
"Piti, GU",13.4156,144.6879,Argus uniform baseline,3823.7594478758415
"Piti, GU",13.4156,144.6879,Argus WorldPop baseline,2675.448215346637
"Piti, GU",13.4156,144.6879,Argus uniform geopolitical,4139.915890288452
"Piti, GU",13.4156,144.6879,Argus WorldPop geopolitical,2242.4855737832177
"Ponce, PR",18.0111,-66.6141,Argus uniform baseline,1860.216044378529
"Ponce, PR",18.0111,-66.6141,Argus WorldPop baseline,6306.891457575489
"Ponce, PR",18.0111,-66.6141,Argus uniform geopolitical,1860.216044378529
"Ponce, PR",18.0111,-66.6141,Argus WorldPop geopolitical,3020.2591772909673
"Port St. Lucie, FL",27.2813,-80.4831,Argus uniform baseline,1257.6977024265504
"Port St. Lucie, FL",27.2813,-80.4831,Argus WorldPop baseline,7122.8131466214
"Port St. Lucie, FL",27.2813,-80.4831,Argus uniform geopolitical,2800.4913401765166
"Port St. Lucie, FL",27.2813,-80.4831,Argus WorldPop geopolitical,1773.7108150814397
"Porto Alegre, Brazil",-30.0346,-51.2177,Argus uniform baseline,6453.688135277725
"Porto Alegre, Brazil",-30.0346,-51.2177,Argus WorldPop baseline,6575.261525789781
"Porto Alegre, Brazil",-30.0346,-51.2177,Argus uniform geopolitical,3538.306852643452
"Porto Alegre, Brazil",-30.0346,-51.2177,Argus WorldPop geopolitical,675.4696276061493
"Presidente Prudente, Brazil",-22.1257,-51.3875,Argus uniform baseline,5574.111499281184
"Presidente Prudente, Brazil",-22.1257,-51.3875,Argus WorldPop baseline,6064.141842442069
"Presidente Prudente, Brazil",-22.1257,-51.3875,Argus uniform geopolitical,3617.0549305947425
"Presidente Prudente, Brazil",-22.1257,-51.3875,Argus WorldPop geopolitical,217.62812431527098
"Prosser, WA",46.2068,-119.7687,Argus uniform baseline,620.5540417848562
"Prosser, WA",46.2068,-119.7687,Argus WorldPop baseline,8205.887413535125
"Prosser, WA",46.2068,-119.7687,Argus uniform geopolitical,620.5540417848562
"Prosser, WA",46.2068,-119.7687,Argus WorldPop geopolitical,620.5540417848562
"Prudhoe Bay, AK",70.2466,-148.569,Argus uniform baseline,2283.484352615749
"Prudhoe Bay, AK",70.2466,-148.569,Argus WorldPop baseline,5972.359532905186
"Prudhoe Bay, AK",70.2466,-148.569,Argus uniform geopolitical,2283.484352615749
"Prudhoe Bay, AK",70.2466,-148.569,Argus WorldPop geopolitical,3139.199768439988
"Puerto Montt, Chile",-41.4689,-72.9411,Argus uniform baseline,8019.43744141939
"Puerto Montt, Chile",-41.4689,-72.9411,Argus WorldPop baseline,8899.230996342325
"Puerto Montt, Chile",-41.4689,-72.9411,Argus uniform geopolitical,5559.974778558595
"Puerto Montt, Chile",-41.4689,-72.9411,Argus WorldPop geopolitical,2744.1158466524935
"Puerto Saavedra, Chile",-38.7833,-73.3833,Argus uniform baseline,7751.001673939233
"Puerto Saavedra, Chile",-38.7833,-73.3833,Argus WorldPop baseline,8806.650733373743
"Puerto Saavedra, Chile",-38.7833,-73.3833,Argus uniform geopolitical,5594.339866929568
"Puerto Saavedra, Chile",-38.7833,-73.3833,Argus WorldPop geopolitical,2600.00611191349
"Punta Arenas, Chile",-53.1638,-70.9171,Argus uniform baseline,8462.518361784796
"Punta Arenas, Chile",-53.1638,-70.9171,Argus WorldPop baseline,9114.59136778346
"Punta Arenas, Chile",-53.1638,-70.9171,Argus uniform geopolitical,5580.175750554683
"Punta Arenas, Chile",-53.1638,-70.9171,Argus WorldPop geopolitical,3610.788810042517
"Punta Gorda, FL",26.9298,-82.0454,Argus uniform baseline,1385.7370355259097
"Punta Gorda, FL",26.9298,-82.0454,Argus WorldPop baseline,7276.831201483605
"Punta Gorda, FL",26.9298,-82.0454,Argus uniform geopolitical,2959.2918169253453
"Punta Gorda, FL",26.9298,-82.0454,Argus WorldPop geopolitical,1616.865832971967
"Puwera, NZ",-35.8,174.2333,Argus uniform baseline,2095.4132257703714
"Puwera, NZ",-35.8,174.2333,Argus WorldPop baseline,8946.319835678669
"Puwera, NZ",-35.8,174.2333,Argus uniform geopolitical,2095.4132257703714
"Puwera, NZ",-35.8,174.2333,Argus WorldPop geopolitical,7814.442491309308
"Redmond, WA",47.674,-122.1215,Argus uniform baseline,639.2131780733201
"Redmond, WA",47.674,-122.1215,Argus WorldPop baseline,8174.109127671865
"Redmond, WA",47.674,-122.1215,Argus uniform geopolitical,639.2131780733201
"Redmond, WA",47.674,-122.1215,Argus WorldPop geopolitical,755.7804398736876
"Rio Negro, Brazil",-26.105,-49.7978,Argus uniform baseline,6020.805663133152
"Rio Negro, Brazil",-26.105,-49.7978,Argus WorldPop baseline,6195.00422177336
"Rio Negro, Brazil",-26.105,-49.7978,Argus uniform geopolitical,3403.213867350233
"Rio Negro, Brazil",-26.105,-49.7978,Argus WorldPop geopolitical,322.4708527211581
"Riverside, GA",33.8151,-84.4601,Argus uniform baseline,1161.0147824749647
"Riverside, GA",33.8151,-84.4601,Argus WorldPop baseline,7115.480901701221
"Riverside, GA",33.8151,-84.4601,Argus uniform geopolitical,2223.49313240007
"Riverside, GA",33.8151,-84.4601,Argus WorldPop geopolitical,1233.5647020040105
"Robbins, CA",38.875,-121.70705555555556,Argus uniform baseline,1279.9649860661834
"Robbins, CA",38.875,-121.70705555555556,Argus WorldPop baseline,8968.425052592373
"Robbins, CA",38.875,-121.70705555555556,Argus uniform geopolitical,1279.9649860661834
"Robbins, CA",38.875,-121.70705555555556,Argus WorldPop geopolitical,1279.9649860661834
"Robertsdale, AL",30.55,-87.71,Argus uniform baseline,1578.7598809884169
"Robertsdale, AL",30.55,-87.71,Argus WorldPop baseline,7557.878135171044
"Robertsdale, AL",30.55,-87.71,Argus uniform geopolitical,2479.8607216025734
"Robertsdale, AL",30.55,-87.71,Argus WorldPop geopolitical,1291.1053717227799
"Rolette County, ND",48.6604,-99.8105,Argus uniform baseline,459.27148823508827
"Rolette County, ND",48.6604,-99.8105,Argus WorldPop baseline,7016.258274303621
"Rolette County, ND",48.6604,-99.8105,Argus uniform geopolitical,459.27148823508827
"Rolette County, ND",48.6604,-99.8105,Argus WorldPop geopolitical,903.1432710521836
"Rolette, ND",48.6597,-99.8406,Argus uniform baseline,460.5944584876313
"Rolette, ND",48.6597,-99.8406,Argus WorldPop baseline,7017.92221371173
"Rolette, ND",48.6597,-99.8406,Argus uniform geopolitical,460.5944584876313
"Rolette, ND",48.6597,-99.8406,Argus WorldPop geopolitical,900.9323951032447
"Roll, AZ",32.8128,-113.9953,Argus uniform baseline,1697.011970834357
"Roll, AZ",32.8128,-113.9953,Argus WorldPop baseline,9120.820394861728
"Roll, AZ",32.8128,-113.9953,Argus uniform geopolitical,1697.011970834357
"Roll, AZ",32.8128,-113.9953,Argus WorldPop geopolitical,1697.011970834357
"Saguenay, QC",48.4279,-71.0548,Argus uniform baseline,968.3767621396456
"Saguenay, QC",48.4279,-71.0548,Argus WorldPop baseline,5325.861288512266
"Saguenay, QC",48.4279,-71.0548,Argus uniform geopolitical,968.3767621396456
"Saguenay, QC",48.4279,-71.0548,Argus WorldPop geopolitical,621.9680133806493
"Salem, OR",44.9453,-122.8886,Argus uniform baseline,869.7265410990423
"Salem, OR",44.9453,-122.8886,Argus WorldPop baseline,8458.847984219165
"Salem, OR",44.9453,-122.8886,Argus uniform geopolitical,869.7265410990423
"Salem, OR",44.9453,-122.8886,Argus WorldPop geopolitical,899.3692378735277
"Salt Lake City, UT",40.5861,-111.968,Argus uniform baseline,824.3919797231566
"Salt Lake City, UT",40.5861,-111.968,Argus WorldPop baseline,8325.387091156328
"Salt Lake City, UT",40.5861,-111.968,Argus uniform geopolitical,824.3919797231566
"Salt Lake City, UT",40.5861,-111.968,Argus WorldPop geopolitical,824.3919797231566
"Sambro Creek, NS",44.4833,-63.6,Argus uniform baseline,924.843718384095
"Sambro Creek, NS",44.4833,-63.6,Argus WorldPop baseline,5032.213112526707
"Sambro Creek, NS",44.4833,-63.6,Argus uniform geopolitical,924.843718384095
"Sambro Creek, NS",44.4833,-63.6,Argus WorldPop geopolitical,988.3001413068348
"San Clemente, Chile",-35.5333,-71.4833,Argus uniform baseline,7354.2175515329545
"San Clemente, Chile",-35.5333,-71.4833,Argus WorldPop baseline,8499.202753899945
"San Clemente, Chile",-35.5333,-71.4833,Argus uniform geopolitical,5435.162652381957
"San Clemente, Chile",-35.5333,-71.4833,Argus WorldPop geopolitical,2269.1560950495896
"San Jose, CA",37.2422,-121.7844,Argus uniform baseline,1436.824458234566
"San Jose, CA",37.2422,-121.7844,Argus WorldPop baseline,9123.855853880212
"San Jose, CA",37.2422,-121.7844,Argus uniform geopolitical,1436.824458234566
"San Jose, CA",37.2422,-121.7844,Argus WorldPop geopolitical,1436.824458234566
"Sanderson, TX",30.1421,-102.3949,Argus uniform baseline,2147.85374578103
"Sanderson, TX",30.1421,-102.3949,Argus WorldPop baseline,8660.646940365306
"Sanderson, TX",30.1421,-102.3949,Argus uniform geopolitical,2147.85374578103
"Sanderson, TX",30.1421,-102.3949,Argus WorldPop geopolitical,1240.1804656790441
"Sandston, VA",37.4901,-77.2461,Argus uniform baseline,495.8427435930739
"Sandston, VA",37.4901,-77.2461,Argus WorldPop baseline,6352.210723777254
"Sandston, VA",37.4901,-77.2461,Argus uniform geopolitical,2068.4655546981558
"Sandston, VA",37.4901,-77.2461,Argus WorldPop geopolitical,731.4138127452102
"Santa Clara, CA",37.3992,-121.9803,Argus uniform baseline,1430.7712509582796
"Santa Clara, CA",37.3992,-121.9803,Argus WorldPop baseline,9118.729683516218
"Santa Clara, CA",37.3992,-121.9803,Argus uniform geopolitical,1430.7712509582796
"Santa Clara, CA",37.3992,-121.9803,Argus WorldPop geopolitical,1430.7712509582796
"Santa Elena, Chile",-36.8167,-72.0167,Argus uniform baseline,7504.737822647758
"Santa Elena, Chile",-36.8167,-72.0167,Argus WorldPop baseline,8604.325424275492
"Santa Elena, Chile",-36.8167,-72.0167,Argus uniform geopolitical,5478.316160928202
"Santa Elena, Chile",-36.8167,-72.0167,Argus WorldPop geopolitical,2382.1806544619985
"Santiago de los Caballeros, DR",19.4517,-70.697,Argus uniform baseline,1844.494126487963
"Santiago de los Caballeros, DR",19.4517,-70.697,Argus WorldPop baseline,6689.96632904
"Santiago de los Caballeros, DR",19.4517,-70.697,Argus uniform geopolitical,2123.709662960718
"Santiago de los Caballeros, DR",19.4517,-70.697,Argus WorldPop geopolitical,2646.6547102348286
"Seattle, WA",47.5832,-122.3251,Argus uniform baseline,637.6882341361221
"Seattle, WA",47.5832,-122.3251,Argus WorldPop baseline,8191.041087014835
"Seattle, WA",47.5832,-122.3251,Argus uniform geopolitical,637.6882341361221
"Seattle, WA",47.5832,-122.3251,Argus WorldPop geopolitical,772.1371843026938
"Secaucus, NJ",40.7855,-74.0686,Argus uniform baseline,561.7835835363162
"Secaucus, NJ",40.7855,-74.0686,Argus WorldPop baseline,5965.139895625748
"Secaucus, NJ",40.7855,-74.0686,Argus uniform geopolitical,1745.957426530328
"Secaucus, NJ",40.7855,-74.0686,Argus WorldPop geopolitical,391.01614882961024
"Shakopee, MN",44.7797,-93.4627,Argus uniform baseline,824.2938504378917
"Shakopee, MN",44.7797,-93.4627,Argus WorldPop baseline,6949.529812130318
"Shakopee, MN",44.7797,-93.4627,Argus uniform geopolitical,824.2938504378917
"Shakopee, MN",44.7797,-93.4627,Argus WorldPop geopolitical,570.7881937659164
"Slope County, ND",46.45,-103.95,Argus uniform baseline,631.5152654312859
"Slope County, ND",46.45,-103.95,Argus WorldPop baseline,7409.867459783253
"Slope County, ND",46.45,-103.95,Argus uniform geopolitical,631.5152654312859
"Slope County, ND",46.45,-103.95,Argus WorldPop geopolitical,631.5152654312859
"Springbrook Creek, Australia",-24.8333,152.1167,Argus uniform baseline,426.9702014919737
"Springbrook Creek, Australia",-24.8333,152.1167,Argus WorldPop baseline,6818.601592232433
"Springbrook Creek, Australia",-24.8333,152.1167,Argus uniform geopolitical,426.9702014919737
"Springbrook Creek, Australia",-24.8333,152.1167,Argus WorldPop geopolitical,5468.72878690451
"Springer, OK",34.2853,-97.1317,Argus uniform baseline,1961.5187605135263
"Springer, OK",34.2853,-97.1317,Argus WorldPop baseline,7986.811106085109
"Springer, OK",34.2853,-97.1317,Argus uniform geopolitical,1961.5187605135263
"Springer, OK",34.2853,-97.1317,Argus WorldPop geopolitical,643.2966723826474
"St James, MN",44.0515,-94.5346,Argus uniform baseline,890.4753928823335
"St James, MN",44.0515,-94.5346,Argus WorldPop baseline,7066.974631389159
"St James, MN",44.0515,-94.5346,Argus uniform geopolitical,890.4753928823335
"St James, MN",44.0515,-94.5346,Argus WorldPop geopolitical,466.46101714187967
"St. John's, NL",47.5615,-52.7126,Argus uniform baseline,399.8525297279833
"St. John's, NL",47.5615,-52.7126,Argus WorldPop baseline,4139.307778951706
"St. John's, NL",47.5615,-52.7126,Argus uniform geopolitical,399.8525297279833
"St. John's, NL",47.5615,-52.7126,Argus WorldPop geopolitical,1841.3381895385662
"Sterling, VA",38.985,-77.4239,Argus uniform baseline,582.1947633320142
"Sterling, VA",38.985,-77.4239,Argus WorldPop baseline,6303.466219881242
"Sterling, VA",38.985,-77.4239,Argus uniform geopolitical,1901.5222112942304
"Sterling, VA",38.985,-77.4239,Argus WorldPop geopolitical,570.0876258018595
"Sullivan, ME",44.5314,-68.2022,Argus uniform baseline,1001.5726974304702
"Sullivan, ME",44.5314,-68.2022,Argus WorldPop baseline,5355.881715285638
"Sullivan, ME",44.5314,-68.2022,Argus uniform geopolitical,1289.3818244716376
"Sullivan, ME",44.5314,-68.2022,Argus WorldPop geopolitical,623.4863398206184
"Sunnyvale, CA",37.4117,-122.0217,Argus uniform baseline,1431.493152239886
"Sunnyvale, CA",37.4117,-122.0217,Argus WorldPop baseline,9119.564734286876
"Sunnyvale, CA",37.4117,-122.0217,Argus uniform geopolitical,1431.493152239886
"Sunnyvale, CA",37.4117,-122.0217,Argus WorldPop geopolitical,1431.493152239886
"Sunset, TX",33.4486,-97.7767,Argus uniform baseline,2006.6272458371168
"Sunset, TX",33.4486,-97.7767,Argus WorldPop baseline,8095.2900309773795
"Sunset, TX",33.4486,-97.7767,Argus uniform geopolitical,2006.6272458371168
"Sunset, TX",33.4486,-97.7767,Argus WorldPop geopolitical,745.4443502196469
"Surrency, GA",31.6829,-82.2697,Argus uniform baseline,1062.2104849331129
"Surrency, GA",31.6829,-82.2697,Argus WorldPop baseline,7043.194177942079
"Surrency, GA",31.6829,-82.2697,Argus uniform geopolitical,2519.5656788380297
"Surrency, GA",31.6829,-82.2697,Argus WorldPop geopolitical,1474.9602172354596
"Surubim, Brazil",-7.8311,-35.7531,Argus uniform baseline,4041.32230382019
"Surubim, Brazil",-7.8311,-35.7531,Argus WorldPop baseline,3778.520667538598
"Surubim, Brazil",-7.8311,-35.7531,Argus uniform geopolitical,2766.5255001048736
"Surubim, Brazil",-7.8311,-35.7531,Argus WorldPop geopolitical,656.6379760796744
"Sussex, NJ",41.2018,-74.5263,Argus uniform baseline,618.5942520025718
"Sussex, NJ",41.2018,-74.5263,Argus WorldPop baseline,5986.226487800702
"Sussex, NJ",41.2018,-74.5263,Argus uniform geopolitical,1692.6781855253555
"Sussex, NJ",41.2018,-74.5263,Argus WorldPop geopolitical,333.6921294361464
"Suva, Fiji",-18.1416,178.4419,Argus uniform baseline,3218.3447626331154
"Suva, Fiji",-18.1416,178.4419,Argus WorldPop baseline,7741.415076734576
"Suva, Fiji",-18.1416,178.4419,Argus uniform geopolitical,3218.3447626331154
"Suva, Fiji",-18.1416,178.4419,Argus WorldPop geopolitical,7066.637488677279
"Tapachula, Mexico",14.9032,-92.2577,Argus uniform baseline,3090.753248168984
"Tapachula, Mexico",14.9032,-92.2577,Argus WorldPop baseline,8887.2316460578
"Tapachula, Mexico",14.9032,-92.2577,Argus uniform geopolitical,4102.487702294744
"Tapachula, Mexico",14.9032,-92.2577,Argus WorldPop geopolitical,691.8369136179783
"Te Hana, NZ",-36.2667,174.55,Argus uniform baseline,2092.1764132380267
"Te Hana, NZ",-36.2667,174.55,Argus WorldPop baseline,9004.664888001576
"Te Hana, NZ",-36.2667,174.55,Argus uniform geopolitical,2092.1764132380267
"Te Hana, NZ",-36.2667,174.55,Argus WorldPop geopolitical,7868.926142637258
"Tea Gardens, Australia",-32.6667,152.15,Argus uniform baseline,1045.5037061152175
"Tea Gardens, Australia",-32.6667,152.15,Argus WorldPop baseline,7624.389672182522
"Tea Gardens, Australia",-32.6667,152.15,Argus uniform geopolitical,1045.5037061152175
"Tea Gardens, Australia",-32.6667,152.15,Argus WorldPop geopolitical,6184.3392379934285
"Thomaston, GA",32.9471,-84.2618,Argus uniform baseline,1173.1870893055632
"Thomaston, GA",32.9471,-84.2618,Argus WorldPop baseline,7143.816176127569
"Thomaston, GA",32.9471,-84.2618,Argus uniform geopolitical,2320.2442557983195
"Thomaston, GA",32.9471,-84.2618,Argus WorldPop geopolitical,1308.2851276323636
"Tionesta, CA",41.1811,-122.8747,Argus uniform baseline,1145.3931635815047
"Tionesta, CA",41.1811,-122.8747,Argus WorldPop baseline,8808.346623516725
"Tionesta, CA",41.1811,-122.8747,Argus uniform geopolitical,1145.3931635815047
"Tionesta, CA",41.1811,-122.8747,Argus WorldPop geopolitical,1145.3931635815047
"Toa Baja, PR",18.4441,-66.2545,Argus uniform baseline,1800.3927791355313
"Toa Baja, PR",18.4441,-66.2545,Argus WorldPop baseline,6266.796922294863
"Toa Baja, PR",18.4441,-66.2545,Argus uniform geopolitical,1800.3927791355313
"Toa Baja, PR",18.4441,-66.2545,Argus WorldPop geopolitical,2983.8129965906237
"Toonpan, Australia",-19.2833,146.75,Argus uniform baseline,540.1385265969378
"Toonpan, Australia",-19.2833,146.75,Argus WorldPop baseline,6042.213747007199
"Toonpan, Australia",-19.2833,146.75,Argus uniform geopolitical,540.1385265969378
"Toonpan, Australia",-19.2833,146.75,Argus WorldPop geopolitical,4645.649480890102
"Torrumbarry, Australia",-36.0333,144.5833,Argus uniform baseline,1086.935421832648
"Torrumbarry, Australia",-36.0333,144.5833,Argus WorldPop baseline,7759.74706002516
"Torrumbarry, Australia",-36.0333,144.5833,Argus uniform geopolitical,615.9362071866705
"Torrumbarry, Australia",-36.0333,144.5833,Argus WorldPop geopolitical,6177.710926950157
"Tracy City, TN",35.2595,-85.7369,Argus uniform baseline,1243.2231085018464
"Tracy City, TN",35.2595,-85.7369,Argus WorldPop baseline,7145.601079460279
"Tracy City, TN",35.2595,-85.7369,Argus uniform geopolitical,2031.8174456602094
"Tracy City, TN",35.2595,-85.7369,Argus WorldPop geopolitical,1045.2758905490264
"Tromsø, Norway",69.6496,18.956,Argus uniform baseline,2728.0281892495677
"Tromsø, Norway",69.6496,18.956,Argus WorldPop baseline,1733.3708306612862
"Tromsø, Norway",69.6496,18.956,Argus uniform geopolitical,3338.384187664713
"Tromsø, Norway",69.6496,18.956,Argus WorldPop geopolitical,2539.9828340301283
"Tucson, AZ",32.1701,-110.9577,Argus uniform baseline,1762.392077835179
"Tucson, AZ",32.1701,-110.9577,Argus WorldPop baseline,9005.17813662615
"Tucson, AZ",32.1701,-110.9577,Argus uniform geopolitical,1762.392077835179
"Tucson, AZ",32.1701,-110.9577,Argus WorldPop geopolitical,1598.0635737322807
"Tukwila, WA",47.5089,-122.2994,Argus uniform baseline,645.424933234558
"Tukwila, WA",47.5089,-122.2994,Argus WorldPop baseline,8196.7921837049
"Tukwila, WA",47.5089,-122.2994,Argus uniform geopolitical,645.424933234558
"Tukwila, WA",47.5089,-122.2994,Argus WorldPop geopolitical,771.3119956164026
"Tulelake, CA",41.644,-121.3293,Argus uniform baseline,1018.8809131878844
"Tulelake, CA",41.644,-121.3293,Argus WorldPop baseline,8694.355029906788
"Tulelake, CA",41.644,-121.3293,Argus uniform geopolitical,1018.8809131878844
"Tulelake, CA",41.644,-121.3293,Argus WorldPop geopolitical,1018.8809131878844
"Uruguaiana, Brazil",-29.7547,-57.0883,Argus uniform baseline,6444.758898227765
"Uruguaiana, Brazil",-29.7547,-57.0883,Argus WorldPop baseline,7012.759001959948
"Uruguaiana, Brazil",-29.7547,-57.0883,Argus uniform geopolitical,4103.806327051865
"Uruguaiana, Brazil",-29.7547,-57.0883,Argus WorldPop geopolitical,814.7060658483854
"Vernon, UT",40.09,-112.43,Argus uniform baseline,880.2190170077878
"Vernon, UT",40.09,-112.43,Argus WorldPop baseline,8392.941488762257
"Vernon, UT",40.09,-112.43,Argus uniform geopolitical,880.2190170077878
"Vernon, UT",40.09,-112.43,Argus WorldPop geopolitical,880.2190170077878
"Villahermosa, Mexico",17.9893,-92.9472,Argus uniform baseline,2871.373310747464
"Villahermosa, Mexico",17.9893,-92.9472,Argus WorldPop baseline,8752.839516649736
"Villahermosa, Mexico",17.9893,-92.9472,Argus uniform geopolitical,3757.434404688945
"Villahermosa, Mexico",17.9893,-92.9472,Argus WorldPop geopolitical,391.1445523966155
"Villarejo de Salvanes, Spain",40.1667,-3.2667,Argus uniform baseline,836.6612619048411
"Villarejo de Salvanes, Spain",40.1667,-3.2667,Argus WorldPop baseline,467.7345440064654
"Villarejo de Salvanes, Spain",40.1667,-3.2667,Argus uniform geopolitical,836.6612619048411
"Villarejo de Salvanes, Spain",40.1667,-3.2667,Argus WorldPop geopolitical,467.7345440064654
Villenave d’Ornon,44.7738,-0.5595,Argus uniform baseline,912.4014851513089
Villenave d’Ornon,44.7738,-0.5595,Argus WorldPop baseline,500.8202021553022
Villenave d’Ornon,44.7738,-0.5595,Argus uniform geopolitical,912.4014851513089
Villenave d’Ornon,44.7738,-0.5595,Argus WorldPop geopolitical,500.8202021553022
"Virginia Beach, VA",36.7838,-76.0093,Argus uniform baseline,369.26946592965794
"Virginia Beach, VA",36.7838,-76.0093,Argus WorldPop baseline,6281.3495930106965
"Virginia Beach, VA",36.7838,-76.0093,Argus uniform geopolitical,2157.664965317887
"Virginia Beach, VA",36.7838,-76.0093,Argus WorldPop geopolitical,802.4052145753661
"Wagin, Australia",-33.3167,117.35,Argus uniform baseline,1274.7878389129498
"Wagin, Australia",-33.3167,117.35,Argus WorldPop baseline,6889.079385397415
"Wagin, Australia",-33.3167,117.35,Argus uniform geopolitical,1274.7878389129498
"Wagin, Australia",-33.3167,117.35,Argus WorldPop geopolitical,4699.316786836204
"Wailuku, HI",20.9005,-156.5046,Argus uniform baseline,2239.7847278922845
"Wailuku, HI",20.9005,-156.5046,Argus WorldPop baseline,7472.605710892733
"Wailuku, HI",20.9005,-156.5046,Argus uniform geopolitical,2239.7847278922845
"Wailuku, HI",20.9005,-156.5046,Argus WorldPop geopolitical,4969.197556357691
"Warra, Australia",-26.9833,150.9333,Argus uniform baseline,443.49416110229816
"Warra, Australia",-26.9833,150.9333,Argus WorldPop baseline,6994.092805785134
"Warra, Australia",-26.9833,150.9333,Argus uniform geopolitical,443.49416110229816
"Warra, Australia",-26.9833,150.9333,Argus WorldPop geopolitical,5594.171964340462
"Warren, MO",38.7728,-91.1643,Argus uniform baseline,1517.6368342124192
"Warren, MO",38.7728,-91.1643,Argus WorldPop baseline,7257.115007737662
"Warren, MO",38.7728,-91.1643,Argus uniform geopolitical,1517.6368342124192
"Warren, MO",38.7728,-91.1643,Argus WorldPop geopolitical,437.3438738208107
"Watkins, CO",39.7582,-104.617,Argus uniform baseline,1089.7349039549244
"Watkins, CO",39.7582,-104.617,Argus WorldPop baseline,7992.330451192577
"Watkins, CO",39.7582,-104.617,Argus uniform geopolitical,1089.7349039549244
"Watkins, CO",39.7582,-104.617,Argus WorldPop geopolitical,735.5009213541045
"Weehawken, NJ",40.7616,-74.0253,Argus uniform baseline,558.0737911673366
"Weehawken, NJ",40.7616,-74.0253,Argus WorldPop baseline,5962.570557138692
"Weehawken, NJ",40.7616,-74.0253,Argus uniform geopolitical,1749.334001249808
"Weehawken, NJ",40.7616,-74.0253,Argus WorldPop geopolitical,394.90462254871426
"Wellington, UT",39.5401,-110.6928,Argus uniform baseline,946.4959015977599
"Wellington, UT",39.5401,-110.6928,Argus WorldPop baseline,8348.115195413124
"Wellington, UT",39.5401,-110.6928,Argus uniform geopolitical,946.4959015977599
"Wellington, UT",39.5401,-110.6928,Argus WorldPop geopolitical,946.4959015977599
"West Jordan, UT",40.6198,-111.9863,Argus uniform baseline,820.64151774836
"West Jordan, UT",40.6198,-111.9863,Argus WorldPop baseline,8323.419067224588
"West Jordan, UT",40.6198,-111.9863,Argus uniform geopolitical,820.64151774836
"West Jordan, UT",40.6198,-111.9863,Argus WorldPop geopolitical,820.64151774836
"Westbury, NY",40.7559,-73.5579,Argus uniform baseline,545.9617201876988
"Westbury, NY",40.7559,-73.5579,Argus WorldPop baseline,5925.575760480902
"Westbury, NY",40.7559,-73.5579,Argus uniform geopolitical,1758.7093420462759
"Westbury, NY",40.7559,-73.5579,Argus WorldPop geopolitical,412.7023473913292
"Westminster, CO",39.8845,-105.0802,Argus uniform baseline,1057.901882054958
"Westminster, CO",39.8845,-105.0802,Argus WorldPop baseline,8008.20200493007
"Westminster, CO",39.8845,-105.0802,Argus uniform geopolitical,1057.901882054958
"Westminster, CO",39.8845,-105.0802,Argus WorldPop geopolitical,773.8793259109914
"Willemstad, Curaçao",12.1696,-68.99,Argus uniform baseline,2493.143249321718
"Willemstad, Curaçao",12.1696,-68.99,Argus WorldPop baseline,6616.132157587568
"Willemstad, Curaçao",12.1696,-68.99,Argus uniform geopolitical,2493.143249321718
"Willemstad, Curaçao",12.1696,-68.99,Argus WorldPop geopolitical,3009.5856419470083
"Wise, VA",36.977333,-82.528,Argus uniform baseline,946.938238702982
"Wise, VA",36.977333,-82.528,Argus WorldPop baseline,6802.649990622179
"Wise, VA",36.977333,-82.528,Argus uniform geopolitical,1975.9207167979807
"Wise, VA",36.977333,-82.528,Argus WorldPop geopolitical,955.6109358159672
"Wola Krobowska, Poland",50.35,20.55,Argus uniform baseline,2453.4973589304486
"Wola Krobowska, Poland",50.35,20.55,Argus WorldPop baseline,707.3049235983411
"Wola Krobowska, Poland",50.35,20.55,Argus uniform geopolitical,2536.859561357359
"Wola Krobowska, Poland",50.35,20.55,Argus WorldPop geopolitical,707.3049235983411
"Yamaguchi, Japan",34.1861,131.4706,Argus uniform baseline,5005.17874693925
"Yamaguchi, Japan",34.1861,131.4706,Argus WorldPop baseline,404.4525442310553
"Yamaguchi, Japan",34.1861,131.4706,Argus uniform geopolitical,5635.069342985512
"Yamaguchi, Japan",34.1861,131.4706,Argus WorldPop geopolitical,760.8661469767618
